open,high,low,close,volume
92919.1,92969.7,92833.13,92969.7,90.09296
92969.69,93112.29,92941.84,93071.76,83.13982
93071.76,93100.2,93024.0,93024.0,51.39835
93024.01,93069.33,93000.01,93069.33,18.64168
93069.33,93120.0,93037.54,93119.99,40.51045
93119.99,93223.82,93116.25,93168.91,85.67548
93168.91,93269.53,93130.43,93130.43,161.3719
93130.44,93175.64,93109.8,93125.18,58.27582
93125.17,93169.64,93062.14,93157.61,45.8755
93157.61,93200.0,93037.5,93037.51,40.91492
93037.51,93092.74,93018.43,93060.11,39.08851
93060.11,93095.24,93017.46,93068.17,30.84296
93068.17,93167.44,93068.17,93125.61,31.79631
93125.62,93176.73,93102.91,93154.65,33.29746
93154.64,93218.31,93154.29,93164.57,56.92052
93164.58,93399.6,93158.01,93370.27,111.68491
93370.27,93515.15,93369.83,93420.0,153.88316
93420.0,93666.0,93392.4,93665.99,137.73895
93665.99,93665.99,93371.48,93406.08,147.4878
93406.08,93583.0,93406.08,93567.36,72.30493
93567.35,93608.56,93452.45,93452.45,106.78834
93452.45,93475.1,93345.01,93355.0,69.99875
93354.99,93470.18,93354.99,93360.77,47.12545
93360.78,93400.0,93354.99,93400.0,23.98579
93399.99,93509.77,93391.9,93459.17,62.77301
93459.16,93459.17,93336.21,93341.98,63.11972
93341.99,93354.64,93280.79,93329.51,49.45565
93329.5,93499.0,93304.34,93484.15,63.99548
93484.15,93565.22,93458.26,93510.01,79.97563
93510.0,93521.74,93456.15,93478.42,73.5637
93478.43,93571.43,93420.0,93525.71,89.15482
93525.72,93724.65,93525.71,93685.24,80.38485
93685.23,93763.19,93648.0,93720.0,69.71775
93720.0,93720.01,93639.79,93639.79,33.55805
93639.79,93833.1,93610.04,93824.64,71.96785
93824.65,93863.63,93729.6,93740.73,75.41241
93740.73,93822.8,93672.77,93770.01,83.1038
93770.02,93778.19,93619.26,93640.0,48.48805
93640.0,93673.66,93597.87,93631.52,74.13332
93631.52,93714.29,93621.72,93691.86,40.97166
93691.87,93691.87,93583.77,93596.83,52.51569
93596.84,93718.0,93558.27,93628.13,67.13741
93628.14,93824.31,93628.13,93671.38,129.80153
93671.39,93671.39,93520.87,93524.34,62.53163
93524.33,93549.65,93500.0,93519.67,74.09942
93519.67,93549.5,93490.9,93549.5,50.33941
93549.5,93592.0,93497.46,93500.05,43.53283
93500.06,93548.35,93496.0,93546.39,24.76382
93546.39,93742.5,93546.39,93742.49,83.55626
93742.49,93948.64,93713.24,93800.0,138.80639
93799.99,93800.0,93703.31,93703.32,47.6165
93703.31,93810.6,93703.31,93784.98,101.13427
93784.97,93918.35,93771.0,93897.38,41.04238
93897.38,94264.0,93844.68,94133.82,407.10706
94133.82,94157.84,93913.04,93970.61,98.28141
93970.6,94124.85,93913.26,94079.46,158.44635
94079.45,94435.0,94027.58,94384.58,174.22667
94384.57,94384.58,94180.0,94275.01,139.27829
94275.01,94521.79,94260.0,94283.34,271.42654
94283.33,94309.7,94133.5,94240.08,99.62914
94240.07,94248.45,94122.03,94228.01,63.47422
94228.0,94280.0,94158.58,94226.68,68.24084
94226.67,94298.91,94190.47,94281.35,82.54912
94281.35,94431.56,94281.35,94370.39,77.212
94370.38,94370.49,94300.0,94307.7,40.71546
94307.69,94326.26,94189.27,94285.72,93.23821
94285.72,94356.0,94285.71,94333.34,45.15842
94333.34,94333.34,94243.28,94278.54,44.52867
94278.53,94398.97,94278.53,94316.58,66.42638
94316.58,94316.58,94222.0,94227.92,54.07184
94227.92,94260.0,94200.0,94204.26,57.56674
94204.25,94250.04,94147.44,94147.44,76.00788
94147.44,94198.57,94136.67,94148.06,42.83162
94148.07,94150.0,93981.2,94026.99,178.76279
94026.99,94140.51,94026.98,94057.02,79.86134
94057.02,94129.71,94057.02,94103.02,50.30946
94103.02,94103.02,94023.0,94025.73,44.60206
94025.74,94036.37,93888.52,93888.52,60.08461
93888.53,93900.0,93580.0,93640.0,274.73935
93640.0,93722.28,93407.78,93521.73,273.7765
93521.74,93565.21,93340.81,93419.74,197.66129
93419.75,93571.39,93392.76,93514.32,128.02437
93514.33,93600.0,93480.64,93541.12,68.35555
93541.13,93688.48,93532.93,93638.1,100.19752
93638.09,93704.5,93586.88,93646.6,109.66294
93646.6,93646.61,93523.67,93559.69,69.60545
93559.69,93590.84,93522.24,93569.83,29.45979
93569.83,93647.75,93532.83,93613.27,51.88463
93613.28,93703.73,93613.27,93677.99,64.33759
93677.98,93755.31,93652.71,93745.19,62.04999
93745.04,93764.76,93676.1,93718.18,72.63466
93718.18,93726.22,93639.99,93673.4,58.71214
93673.4,93688.01,93610.34,93633.54,36.95311
93633.54,93714.28,93610.35,93663.71,51.3192
93663.72,93777.95,93663.71,93750.48,63.57593
93750.49,93773.61,93614.42,93614.42,42.39991
93614.43,93630.08,93531.94,93548.77,48.86392
93548.78,93558.12,93500.0,93500.0,89.59099
93500.0,93560.81,93452.67,93474.71,94.97183
93474.72,93530.82,93450.0,93450.0,66.90336
93450.0,93461.85,93324.45,93381.76,49.01167
93381.76,93468.87,93380.95,93466.01,38.09945
93466.01,93558.65,93421.94,93528.01,56.07588
93528.0,93638.92,93502.93,93624.81,115.66628
93624.81,93840.55,93624.81,93782.61,134.62762
93782.6,93782.61,93652.17,93700.02,58.15942
93700.03,93700.03,93628.02,93634.01,28.72567
93634.01,93794.02,93634.01,93721.08,33.76407
93721.08,93857.14,93700.02,93831.09,43.34967
93831.09,93831.09,93630.64,93636.73,37.51219
93636.73,93654.92,93608.69,93625.65,55.88488
93625.66,93736.87,93625.65,93731.23,49.0792
93731.23,93782.61,93719.75,93730.36,40.6477
93730.36,93776.11,93700.0,93731.4,62.29201
93731.4,93780.91,93682.4,93720.51,76.42788
93720.51,93944.79,93720.5,93869.56,137.10323
93869.56,94015.2,93835.01,93968.55,102.56415
93968.56,94160.0,93968.55,94087.54,133.32393
94087.54,94087.54,93982.04,93989.6,88.6878
93989.61,94009.31,93903.04,94009.3,79.5046
94009.31,94253.82,93919.34,94000.08,168.81393
94000.08,94696.05,93381.0,93536.01,1086.05628
93533.81,93971.1,93381.0,93447.58,379.26029
93447.58,94017.89,93428.55,93918.31,227.96397
93919.79,93919.79,93467.34,93484.48,260.41946
93484.47,93485.82,92872.16,93020.22,547.07472
93020.35,93665.99,92878.41,93635.33,343.66586
93635.33,93653.12,93306.1,93400.33,139.93876
93400.34,93510.56,93274.05,93305.17,85.70878
93305.16,93330.4,92699.17,92747.99,292.00082
92747.99,93165.9,92666.01,93149.75,247.64651
93149.75,93293.93,93089.37,93138.69,97.01707
93138.69,93145.59,92925.07,93000.0,133.81966
93000.0,93104.0,92826.08,92891.47,105.88812
92891.48,93216.0,92763.54,93202.0,125.11692
93202.0,93215.95,92975.35,93105.41,89.14761
93105.63,93114.46,92934.82,92997.59,90.66963
92997.59,93038.41,92887.96,92940.06,40.80813
92940.05,92940.06,92565.21,92764.35,467.25588
92764.35,92843.81,92629.07,92737.52,84.92453
92737.79,92815.07,92608.69,92612.23,99.02152
92612.23,92657.41,92178.0,92250.57,329.22588
92250.56,92395.99,92039.83,92189.84,361.95552
92189.84,92215.47,91935.41,92164.0,478.09075
92163.99,92412.05,92025.44,92356.2,174.78052
92356.2,92800.0,92311.17,92716.9,155.53888
92716.9,92804.44,92540.77,92587.45,119.12871
92587.45,92691.04,92551.89,92664.79,106.6477
92664.8,92857.15,92664.8,92832.5,97.77214
92832.38,93238.87,92803.09,93195.28,276.10437
93195.28,93224.56,93000.0,93216.0,112.91167
93216.0,93371.11,93066.77,93090.11,123.63337
93090.11,93242.59,93060.47,93152.0,73.42085
93152.0,93183.27,93030.53,93110.02,64.05141
93110.03,93147.52,92913.04,92913.53,113.57055
92913.53,93383.74,92913.53,93371.7,139.63093
93371.71,93480.91,93304.34,93349.73,92.83097
93349.73,93770.19,93315.48,93703.91,217.16686
93703.9,93703.9,93485.24,93541.68,71.8684
93541.69,93691.42,93528.99,93649.22,178.90302
93649.22,93758.48,93595.93,93758.47,108.35339
93758.47,93758.48,93572.21,93641.74,73.30829
93641.73,93845.38,93455.85,93821.53,246.18799
93821.53,93939.63,93811.09,93897.05,130.78651
93897.05,93920.0,93823.76,93863.63,95.38275
93863.63,93891.74,93793.77,93878.98,50.98054
93878.98,93929.99,93787.27,93787.28,119.37242
93787.27,93851.96,93723.21,93770.99,62.39888
93771.0,93879.96,93666.89,93666.89,87.1708
93666.89,93685.94,93586.4,93685.93,72.00095
93685.93,93810.13,93631.5,93785.73,40.4527
93785.74,93798.45,93709.35,93754.76,31.13459
93754.77,93849.13,93714.3,93847.08,66.16158
93847.08,93959.47,93842.02,93894.37,42.77263
93894.38,93944.38,93845.7,93905.33,41.09191
93905.33,94050.01,93877.53,94024.0,106.37123
94023.99,94219.93,94023.99,94059.31,153.36869
94059.31,94208.0,94053.02,94114.85,78.65977
94114.85,94180.01,94009.0,94020.13,54.26332
94020.13,94020.14,93896.42,93896.42,35.77762
93896.43,93966.0,93834.39,93908.88,54.69613
93908.89,93928.8,93799.29,93849.55,33.31822
93849.55,93849.55,93697.27,93697.28,27.076
93697.28,93761.91,93683.52,93722.46,44.40372
93722.47,93726.0,93636.36,93659.38,31.9592
93659.38,93751.76,93620.89,93620.89,35.70082
93620.89,93620.89,93420.0,93445.19,77.14727
93445.2,93527.81,93357.04,93428.57,76.01495
93428.58,93482.77,93280.8,93280.8,78.86753
93280.8,93388.97,93214.83,93238.46,71.53002
93238.45,93285.72,93150.15,93195.99,65.34157
93195.99,93199.99,92963.66,93005.0,102.75217
93005.01,93299.42,92974.76,93285.25,38.95165
93285.25,93298.86,93182.31,93298.85,58.44533
93298.85,93424.54,93289.05,93414.36,64.12242
93414.36,93476.2,93391.3,93476.19,77.90627
93476.2,93587.77,93371.37,93559.24,112.79496
93559.24,93618.56,93484.18,93497.88,83.91035
93497.88,93619.05,93481.84,93521.73,81.23697
93521.73,93605.58,93476.2,93594.28,32.53152
93594.28,93644.07,93565.95,93644.06,26.86977
93644.07,93879.42,93644.06,93857.15,62.24414
93857.15,93867.55,93737.24,93756.03,54.97698
93756.02,93857.98,93703.61,93735.15,47.96106
93735.15,93850.0,93735.15,93831.55,26.26278
93831.55,93863.1,93740.64,93740.64,20.86355
93740.64,93740.65,93677.43,93688.74,25.53166
93688.74,93745.53,93595.06,93616.79,20.72632
93616.8,93706.02,93616.79,93706.01,40.16312
93706.01,93737.95,93640.0,93640.0,24.25125
93640.01,93739.13,93580.0,93706.86,67.81773
93706.86,93832.08,93706.86,93818.1,44.15626
93818.1,93917.53,93777.11,93855.36,45.23709
93855.35,93877.77,93798.56,93798.57,30.10655
93798.57,93806.15,93789.8,93799.99,16.25343
93799.99,93799.99,93724.55,93735.33,15.47141
93735.33,93791.5,93729.34,93755.5,20.5751
93755.49,93775.15,93737.61,93737.61,13.63781
93737.62,93737.62,93366.0,93513.64,62.95751
93513.65,93642.89,93493.59,93525.61,23.85894
93525.61,93608.29,93525.61,93539.29,13.91554
93539.29,93564.39,93273.06,93485.5,45.09943
93485.51,93517.16,93304.67,93329.76,57.84024
93329.76,93450.75,93300.0,93300.0,24.08873
93300.0,93325.24,93238.1,93273.36,38.62086
93273.36,93428.57,93273.35,93428.57,26.34261
93428.56,93454.31,93384.62,93454.3,19.64379
93454.31,93476.2,93410.3,93410.3,19.47604
93410.3,93567.71,93401.08,93567.7,36.3471
93567.71,93666.61,93567.71,93600.5,21.22535
93600.51,93714.48,93584.68,93714.47,28.82687
93714.47,93786.19,93714.47,93748.12,65.99602
93748.11,93760.79,93715.44,93733.85,12.87212
93733.84,93790.21,93733.84,93790.19,13.98273
93790.19,93798.25,93701.16,93730.0,27.23464
93730.0,93841.3,93710.64,93832.4,40.52026
93832.39,93832.39,93786.48,93806.13,16.65246
93806.14,93816.3,93680.0,93705.54,30.18667
93705.54,93781.87,93705.54,93762.64,11.51972
93762.64,93770.18,93683.99,93695.66,14.54487
93695.65,93698.82,93674.98,93678.45,18.29668
93678.45,93678.46,93610.67,93651.55,30.46116
93651.55,93651.55,93540.83,93577.07,63.39592
93577.08,93608.7,93538.46,93559.73,20.93127
93559.72,93573.52,93525.44,93573.52,32.15051
93573.51,93695.14,93573.51,93691.08,28.32283
93691.07,93787.65,93555.4,93560.0,260.03303
93559.99,93588.25,93476.13,93525.64,103.70255
93525.64,93529.13,93364.91,93434.78,89.71925
93434.79,93556.72,93350.57,93517.68,43.14759
93517.68,93628.24,93350.0,93381.98,40.52949
93381.97,93396.74,93276.53,93306.44,31.80939
93306.45,93441.4,93234.31,93435.57,59.73892
93435.57,93500.0,93418.36,93486.97,27.25891
93486.97,93640.0,93486.96,93625.67,31.8701
93625.67,93636.68,93460.56,93460.57,30.74516
93460.56,93503.99,93400.01,93414.49,116.3577
93414.5,93436.36,93345.13,93357.22,56.39688
93357.22,93360.02,93248.47,93353.7,108.34938
93353.7,93450.0,93353.69,93434.52,28.06907
93434.51,93443.12,93176.2,93237.52,59.51776
93237.51,93259.99,93132.7,93205.29,74.32098
93205.28,93225.53,93074.5,93103.54,94.11985
93103.53,93285.72,93060.75,93285.71,28.72042
93285.72,93389.59,93285.72,93368.29,40.87331
93368.28,93476.18,93342.81,93391.3,56.32011
93391.3,93476.2,93374.17,93461.2,23.31911
93461.2,93488.09,93311.88,93488.09,29.61651
93488.09,93495.49,93421.65,93495.49,25.12669
93495.48,93618.88,93489.17,93489.18,51.59559
93489.18,93512.48,93391.3,93449.03,39.9608
93449.02,93540.0,93335.53,93476.61,42.9944
93476.62,93608.7,93438.16,93590.6,36.59245
93590.6,93631.0,93444.36,93482.3,22.47399
93482.3,93529.8,93434.78,93434.78,23.79623
93434.78,93564.78,93434.78,93515.95,30.41316
93515.96,93533.89,93434.78,93436.66,36.16084
93436.66,93484.0,93388.0,93447.04,29.03368
93447.04,93447.04,93222.18,93250.49,46.58032
93250.49,93314.17,93154.85,93154.85,64.86219
93154.86,93251.92,93154.85,93201.02,29.41448
93201.03,93201.03,93050.0,93101.23,70.95558
93101.23,93238.1,93101.22,93154.2,54.69985
93154.21,93329.63,93122.06,93275.92,48.99799
93275.91,93275.92,93105.58,93140.0,17.15982
93140.0,93209.66,93139.99,93209.66,30.41795
93209.66,93260.87,93145.16,93179.99,38.51278
93179.99,93283.16,93179.99,93283.15,30.68235
93283.15,93283.16,93062.02,93062.44,21.97682
93062.44,93062.45,92936.86,92982.41,143.37473
92982.42,92982.42,92841.11,92843.17,78.03648
92843.18,92998.0,92786.89,92819.99,133.94594
92819.99,92841.44,92704.5,92720.68,98.99877
92720.68,92774.98,92650.0,92673.95,86.82431
92673.95,92839.46,92669.84,92759.7,130.70593
92759.7,92772.01,92494.34,92520.12,115.91902
92520.12,92674.23,92385.12,92666.66,130.8522
92666.67,92693.1,92440.74,92617.28,174.61433
92617.27,92837.88,92550.84,92724.98,153.17789
92724.97,92762.71,92680.13,92739.18,189.02007
92739.19,92839.02,92739.18,92756.99,34.53355
92756.99,92757.0,92540.14,92553.16,39.10687
92553.16,92630.08,92553.16,92630.07,38.11798
92630.08,92664.98,92582.61,92663.16,39.11563
92663.17,92753.91,92643.05,92724.62,32.98282
92724.63,92773.81,92719.9,92746.66,29.14539
92746.67,92857.15,92746.66,92816.51,76.71548
92816.5,92903.94,92786.4,92815.85,33.78532
92815.84,92873.5,92782.6,92869.56,27.04148
92869.56,92898.79,92771.61,92771.62,29.2407
92771.62,92771.62,92643.05,92663.32,20.92552
92663.32,92663.32,92527.62,92605.14,29.84787
92605.13,92695.65,92590.99,92682.21,31.86121
92682.21,92739.11,92668.06,92720.82,19.92109
92720.82,92736.02,92625.95,92647.13,45.50181
92647.12,92737.79,92647.12,92720.39,22.22092
92720.4,92733.81,92660.79,92690.83,28.3779
92690.83,92690.84,92552.0,92576.61,56.61402
92576.6,92636.84,92576.6,92630.31,20.24398
92630.31,92630.32,92500.0,92509.13,45.73614
92509.12,92531.22,92446.53,92506.66,90.46244
92506.66,92506.67,92254.0,92421.29,113.58544
92421.29,92607.01,92307.43,92556.09,99.79132
92556.09,92639.89,92543.5,92624.97,64.52751
92624.97,92666.67,92539.39,92574.4,73.93938
92574.39,92581.6,92446.3,92446.3,85.88034
92446.3,92473.18,92400.0,92400.0,36.72876
92400.0,92542.69,92391.3,92542.69,30.19189
92542.69,92542.69,92413.36,92421.96,88.86689
92421.96,92428.0,92321.55,92388.69,70.61898
92388.7,92493.53,92300.0,92480.89,129.36462
92480.9,92533.18,92394.2,92492.55,151.29788
92492.56,92610.39,92492.55,92610.3,57.03828
92610.3,92636.53,92508.07,92525.5,30.3132
92525.5,92525.51,92365.14,92365.15,42.9063
92365.15,92380.96,92286.53,92380.3,52.38762
92380.3,92444.81,92292.74,92416.62,42.44342
92416.63,92472.0,92209.93,92219.99,142.79804
92219.99,92280.0,92165.99,92264.72,160.01347
92264.72,92272.18,92142.85,92170.67,141.23621
92170.68,92236.35,92101.63,92145.71,91.8
92145.72,92214.68,92140.33,92203.55,38.3406
92203.54,92357.58,92203.54,92339.26,44.85514
92339.26,92354.01,92121.53,92125.02,93.12603
92125.02,92151.04,92077.56,92095.5,135.83024
92095.5,92190.48,92031.98,92031.99,175.67939
92031.99,92126.12,92029.8,92029.8,91.70812
92029.8,92064.57,91872.19,91872.2,245.81078
91872.2,92063.66,91764.68,92030.55,306.47562
92030.55,92171.96,91869.56,92061.4,152.9869
92061.41,92061.41,91777.89,91876.11,120.68409
91876.11,91956.53,91660.01,91755.82,263.19821
91755.82,91926.26,91686.01,91881.88,81.92603
91881.89,92078.75,91862.99,92017.75,119.68077
92017.75,92173.92,91976.76,92151.5,124.17287
92151.5,92260.87,92114.57,92260.14,224.01721
92260.14,92298.28,92183.28,92293.66,121.42581
92293.66,92445.09,92281.95,92312.78,130.7337
92312.77,92509.79,92285.71,92457.45,59.3785
92457.44,92548.66,92352.43,92386.2,84.9273
92386.2,92589.56,92337.86,92431.48,62.59004
92431.48,92459.49,92333.33,92333.55,34.44597
92333.55,92406.97,92333.54,92347.82,31.09288
92347.82,92367.24,92285.71,92334.08,41.24292
92334.08,92368.0,92249.02,92285.55,52.72526
92285.55,92488.0,92285.54,92476.9,28.80142
92476.89,92521.74,92469.71,92513.98,52.89708
92513.97,92513.98,92403.72,92408.07,54.53988
92408.07,92476.34,92370.16,92423.44,25.23559
92423.44,92509.97,92423.43,92461.92,46.2461
92461.92,92608.65,92461.92,92577.51,122.8346
92577.51,92595.91,92535.2,92567.01,20.99461
92567.01,92578.23,92469.99,92469.99,38.9843
92470.0,92544.0,92416.0,92544.0,24.80544
92544.0,92650.0,92526.75,92631.39,44.34809
92631.38,92640.85,92542.01,92552.12,46.85927
92552.12,92657.14,92471.14,92649.99,107.45194
92649.99,92657.69,92550.88,92550.89,27.0734
92550.89,92562.89,92459.34,92504.81,39.36161
92504.81,92509.19,92370.53,92383.62,59.85677
92383.63,92418.89,92314.58,92356.0,38.04104
92355.99,92387.71,92308.0,92332.57,27.19787
92332.56,92332.57,92270.67,92304.34,44.85105
92304.33,92439.58,92303.35,92439.58,35.15707
92439.57,92444.0,92289.5,92332.02,46.3632
92332.03,92569.12,92329.83,92409.88,100.84665
92409.88,92518.99,92352.33,92468.94,25.48825
92468.93,92532.3,92468.93,92519.42,24.19155
92519.42,92619.01,92519.41,92619.01,32.97887
92619.01,92640.0,92575.21,92619.94,26.46886
92619.94,92676.03,92571.87,92571.88,43.46767
92571.88,92571.88,92434.78,92445.5,57.03588
92445.5,92607.75,92445.5,92607.75,43.86303
92607.75,92735.25,92566.32,92692.47,120.64935
92692.48,92727.41,92572.0,92572.01,78.91628
92572.0,92639.41,92511.84,92589.0,39.52214
92589.01,92718.82,92527.32,92718.82,57.1912
92718.81,92805.67,92686.45,92708.53,69.90212
92708.54,92730.1,92655.41,92668.19,31.09049
92668.2,92714.05,92608.69,92681.91,45.27592
92681.9,92700.0,92608.69,92695.66,49.1266
92695.66,92779.63,92695.66,92777.27,43.73257
92777.27,92839.0,92701.26,92707.52,110.48872
92707.52,92809.53,92649.75,92766.23,101.52103
92766.23,92800.22,92695.66,92739.14,50.83591
92739.13,92834.28,92739.13,92752.43,62.10908
92752.43,92787.67,92739.13,92759.73,28.6164
92759.73,92772.02,92721.23,92739.14,21.00445
92739.14,92966.34,92739.13,92925.78,115.96229
92925.78,92965.0,92816.98,92929.99,116.28904
92930.0,92930.0,92566.46,92833.41,205.66877
92833.42,92900.0,92582.04,92636.49,122.64957
92636.49,92676.49,92556.52,92640.27,118.59446
92640.28,92830.01,92554.81,92813.83,186.6595
92813.82,93200.0,92795.22,93181.9,243.64371
93181.89,93250.0,93113.62,93156.14,235.10181
93156.14,93156.14,92662.61,92800.01,148.94179
92800.01,92961.71,92762.23,92762.23,107.5984
92762.23,92843.97,92666.66,92731.64,118.26615
92732.22,92823.8,92619.04,92823.8,113.57141
92823.81,92948.47,92823.7,92862.85,96.76503
92862.85,93130.44,92850.0,93016.91,79.76069
93016.91,93164.0,93016.91,93138.59,134.84415
93138.58,93217.4,92969.2,93217.4,101.18876
93217.39,93400.0,93200.22,93248.6,121.85086
93248.61,93279.3,93023.68,93101.83,69.81509
93101.84,93200.5,93011.93,93191.2,78.89413
93191.21,93400.0,93191.2,93356.81,85.83195
93356.81,93450.0,93285.71,93294.52,167.56733
93294.52,93424.49,93180.29,93234.36,90.43649
93234.35,93406.28,93208.34,93226.47,71.52584
93226.47,93240.89,93131.5,93136.25,111.69847
93138.13,93300.0,93065.0,93290.66,58.46573
93290.66,93337.99,93249.59,93293.27,50.9253
93293.27,93347.83,93217.39,93259.98,71.15187
93259.98,93302.73,93184.59,93212.06,87.93767
93212.05,93302.73,93150.15,93299.48,43.36265
93299.48,93339.47,93180.97,93202.51,37.91827
93202.52,93332.0,93202.51,93303.0,59.22437
93303.01,93368.79,93217.39,93329.49,57.55134
93329.28,93462.77,93329.27,93460.48,64.3141
93460.48,93529.06,93445.67,93519.5,138.34969
93519.5,93536.87,93434.78,93434.78,76.97239
93434.78,93528.67,93391.92,93528.66,82.38034
93528.66,93561.16,93474.33,93531.41,114.20204
93531.41,93567.65,93466.24,93497.25,63.90215
93497.24,93595.22,93491.89,93513.51,60.93113
93513.52,93559.63,93465.93,93497.8,46.46825
93497.81,93540.0,93459.3,93491.99,36.5735
93492.0,93510.16,93346.07,93346.08,70.18166
93346.07,93380.62,93268.0,93380.61,55.29577
93380.62,93428.41,93151.64,93151.65,36.95878
93151.64,93178.26,92934.18,92938.46,83.33077
92938.46,93039.3,92826.09,92966.63,116.70244
92966.62,92981.1,92761.9,92836.52,76.77749
92836.53,93094.48,92836.53,93031.1,76.08539
93031.1,93086.96,92905.35,92913.67,51.82606
92913.67,93000.4,92904.01,92959.18,34.97059
92959.69,92991.65,92700.0,92764.88,38.81132
92764.88,92851.05,92666.62,92766.09,55.10091
92766.08,92920.0,92695.65,92920.0,53.16481
92920.0,93019.55,92905.39,93011.28,35.11403
93011.28,93100.0,92999.07,93070.18,31.41114
93070.18,93200.0,93063.7,93168.99,48.31533
93168.99,93341.93,93099.86,93315.39,47.08929
93315.39,93395.41,93260.86,93342.55,56.60957
93342.55,93356.05,93181.06,93243.59,34.62019
93243.6,93271.32,93181.33,93217.39,27.46707
93217.4,93304.35,93181.33,93229.22,28.43451
93229.22,93266.58,93166.63,93229.89,20.3307
93229.89,93311.25,93229.89,93278.83,31.90581
93278.83,93444.45,93260.82,93326.06,40.11378
93326.07,93463.67,93326.06,93360.47,40.23466
93360.46,93394.38,93348.87,93380.0,20.21917
93380.0,93448.0,93333.33,93333.34,21.56697
93333.34,93386.37,93317.18,93317.18,21.42688
93317.19,93350.27,93189.49,93232.06,37.19612
93232.06,93299.99,93212.07,93299.97,23.2785
93299.97,93439.01,93287.33,93439.01,33.31027
93439.0,93515.62,93418.07,93490.41,42.19365
93490.41,93557.36,93486.39,93549.99,47.27772
93549.99,93593.75,93537.19,93567.58,36.5632
93567.57,93586.5,93525.23,93581.76,28.44806
93581.76,93595.0,93496.0,93593.62,44.5372
93593.61,93639.31,93559.01,93621.72,80.61845
93621.72,93649.56,93521.73,93556.12,75.70243
93556.12,93666.0,93460.58,93472.36,193.48501
93472.35,93594.17,93472.35,93572.49,22.03066
93572.49,93572.5,93448.03,93448.03,84.54084
93448.04,93448.04,93378.07,93383.17,29.23846
93383.18,93447.62,93326.28,93447.61,50.14429
93447.62,93452.0,93413.87,93445.87,24.16529
93445.87,93445.88,93361.15,93361.15,16.26671
93361.15,93450.0,93320.34,93320.34,59.00926
93320.34,93442.03,93299.14,93419.2,31.33551
93419.21,93500.0,93419.2,93500.0,26.41543
93500.0,93542.91,93499.99,93525.25,21.26662
93525.24,93525.25,93383.51,93390.66,88.20418
93391.3,93474.98,93352.23,93465.62,27.1747
93465.62,93560.0,93465.62,93546.83,17.51031
93546.84,93558.5,93500.0,93547.1,27.94349
93547.1,93563.37,93503.72,93504.5,32.25462
93504.49,93504.5,93358.4,93358.4,14.59858
93358.38,93358.38,93024.0,93159.99,81.39611
93159.99,93390.88,93142.24,93206.94,44.76755
93206.93,93320.97,93173.91,93250.15,24.928
93250.16,93276.8,93173.91,93216.73,20.33237
93216.72,93343.98,93216.72,93343.98,24.17416
93343.97,93343.97,93286.56,93337.54,10.87281
93337.54,93353.73,93337.54,93353.72,6.07584
93353.73,93410.0,93288.0,93376.0,29.05608
93375.99,93534.39,93375.99,93477.17,38.86464
93477.16,93535.0,93477.16,93503.95,22.38775
93503.96,93545.23,93445.62,93456.13,33.20266
93456.14,93539.54,93456.13,93526.43,9.10005
93526.44,93557.0,93518.08,93531.25,15.82681
93531.25,93582.73,93531.24,93565.5,20.32624
93565.51,93578.0,93501.47,93501.47,45.6289
93501.47,93501.48,93434.78,93446.65,32.53257
93446.65,93453.28,93391.37,93391.38,18.91662
93391.38,93391.38,93309.77,93316.99,35.38263
93317.0,93438.51,93316.99,93427.98,53.87118
93427.98,93427.99,93373.33,93404.12,18.70708
93404.12,93534.75,93387.66,93508.65,29.84532
93508.65,93535.84,93508.64,93516.64,15.65784
93516.63,93555.0,93516.63,93555.0,12.74825
93554.99,93564.35,93500.0,93519.89,41.16616
93519.89,93698.0,93456.0,93683.24,189.724
93683.24,93997.44,93643.53,93990.84,427.45528
93990.84,94005.0,93776.42,93823.69,154.81652
93823.69,93884.08,93786.76,93884.08,38.56311
93884.08,93918.18,93845.29,93918.17,28.36943
93918.17,93918.18,93799.99,93829.47,48.89587
93829.46,93982.84,93806.29,93980.47,68.01925
93980.47,94006.0,93858.51,93897.78,110.78105
93897.77,93953.14,93722.26,93740.07,618.24584
93740.07,93740.08,93642.52,93693.37,221.01407
93693.37,93697.28,93520.0,93640.83,153.32161
93640.83,93732.0,93640.83,93653.02,54.38847
93653.02,93670.5,93600.0,93645.99,36.13202
93645.99,93704.95,93604.8,93704.94,26.84573
93704.94,93917.56,93704.94,93839.75,68.03729
93839.75,93904.76,93839.75,93895.38,14.68013
93895.38,93895.39,93775.45,93880.0,22.43822
93880.0,93920.84,93822.1,93822.1,59.36465
93822.1,93899.99,93822.1,93896.28,15.08663
93896.27,93993.81,93896.27,93956.2,103.57144
93956.19,94218.7,93870.35,94195.5,200.28154
94195.5,94444.0,94173.92,94173.93,288.09653
94173.92,94236.0,93786.36,93832.3,249.58521
93832.3,93832.31,93668.0,93772.2,83.83745
93772.21,93830.02,93640.58,93681.38,55.78722
93681.39,93743.78,93602.83,93727.67,31.74993
93727.68,93810.61,93711.35,93810.6,33.34342
93810.61,93810.61,93754.53,93789.22,17.56128
93789.22,93860.17,93711.36,93713.83,65.2762
93713.82,93770.1,93700.0,93758.01,154.08854
93758.0,93758.01,93660.0,93678.13,33.9494
93678.14,93897.59,93678.13,93836.92,205.21609
93836.91,93836.92,93594.65,93594.65,46.93063
93594.65,93646.92,93566.07,93571.66,81.81009
93571.65,93571.66,93394.62,93446.53,79.16914
93446.53,93512.93,93284.09,93284.09,85.16107
93284.09,93356.9,93170.0,93336.07,85.82368
93336.06,93336.07,93073.3,93202.41,86.97048
93202.42,93324.0,93200.4,93264.58,50.54234
93264.57,93281.68,93188.11,93251.35,29.90166
93251.36,93324.04,93217.39,93240.03,37.25066
93240.03,93242.29,93108.0,93144.96,68.76999
93144.96,93173.75,92892.0,92992.33,211.60401
92992.33,93025.28,92855.96,93015.6,77.24242
93015.6,93109.84,93015.6,93080.03,49.20859
93080.03,93152.06,93080.03,93119.65,95.99976
93119.64,93200.73,93110.33,93135.19,52.57476
93135.2,93172.79,92937.13,93172.49,102.48518
93172.48,93191.0,93131.09,93134.71,34.61445
93134.71,93231.76,93131.26,93214.35,61.43432
93214.35,93277.78,93154.88,93272.57,49.2183
93272.58,93375.06,93263.52,93317.1,76.83345
93317.1,93387.09,93280.57,93383.39,27.91402
93383.39,93387.09,93339.2,93339.2,27.81036
93339.2,93350.53,93275.0,93311.83,50.18872
93311.83,93347.83,93260.86,93344.3,77.0559
93344.31,93457.5,93324.0,93434.77,155.99098
93434.77,93498.0,93364.28,93478.19,102.78199
93478.19,93478.2,93412.18,93412.18,25.66382
93412.18,93452.44,93395.44,93395.44,29.34943
93395.45,93395.45,93219.51,93220.06,68.55343
93220.05,93247.0,93079.0,93138.26,39.22376
93138.27,93170.4,93086.56,93167.25,51.51793
93167.25,93225.14,93162.64,93196.41,44.47473
93196.4,93201.07,93130.43,93142.85,25.75899
93142.85,93150.83,93077.75,93090.68,23.76853
93090.68,93090.69,93047.0,93058.58,24.24299
93058.58,93186.46,93013.56,93180.39,95.18438
93180.38,93247.0,93168.62,93244.04,38.91547
93244.04,93364.67,93235.58,93336.83,143.31195
93336.82,93391.31,93336.82,93391.3,76.552
93391.3,93419.45,93304.61,93322.48,43.76429
93322.47,93390.7,93313.71,93390.69,17.03977
93390.69,93409.91,93300.0,93316.33,43.15645
93316.33,93316.34,93259.94,93299.02,16.02083
93299.02,93299.03,93250.0,93269.88,18.68769
93269.88,93319.13,93260.86,93289.39,19.29023
93289.39,93289.39,93204.28,93204.29,39.88716
93204.28,93228.89,93204.28,93206.05,30.91575
93206.06,93248.87,93199.99,93235.48,71.39522
93235.48,93350.0,93235.47,93336.39,29.82353
93336.38,93407.31,93304.34,93329.01,33.3735
93329.01,93374.72,93248.96,93248.97,33.66204
93248.96,93301.5,93212.0,93295.08,42.20599
93295.09,93445.42,93287.1,93434.34,43.17453
93434.34,93504.0,93427.23,93503.99,59.77494
93503.99,93580.0,93476.23,93550.2,55.58597
93550.21,93583.0,93511.47,93545.64,34.67083
93545.64,93545.65,93450.0,93528.74,19.58446
93528.73,93612.57,93528.73,93580.01,73.77802
93580.01,93580.02,93538.07,93538.07,25.37851
93538.08,93686.99,93538.07,93630.27,62.38982
93630.28,93783.06,93630.27,93682.95,76.52057
93682.96,93772.42,93589.75,93589.99,135.09392
93589.99,93659.0,93551.71,93622.48,44.64173
93622.48,93622.49,93506.76,93506.76,28.18672
93506.77,93580.0,93506.76,93506.78,35.34633
93506.79,93660.38,93497.64,93501.15,207.79503
93501.15,93649.44,93501.14,93632.29,193.48688
93632.3,93680.0,93571.42,93662.18,186.61416
93662.18,93662.18,93550.94,93559.58,207.7534
93559.59,93749.99,93559.58,93747.57,258.10654
93747.57,93860.0,93725.91,93772.26,254.42001
93772.27,93888.0,93669.61,93681.61,94.83154
93681.61,93750.0,93638.49,93691.88,60.47982
93691.88,93691.89,93624.72,93640.26,39.17591
93640.26,93767.71,93624.63,93695.38,45.2171
93695.37,93742.14,93640.0,93711.69,43.81128
93711.69,93812.42,93680.0,93808.38,106.65711
93808.39,93808.39,93728.23,93728.24,48.71355
93728.23,93737.59,93704.31,93729.95,47.63566
93729.95,93729.96,93671.99,93694.04,69.4536
93694.04,93743.41,93672.9,93672.91,63.24417
93672.91,93711.12,93652.17,93696.42,67.38893
93696.42,93734.08,93648.79,93680.01,56.52026
93680.01,93680.01,93589.64,93620.96,45.58912
93620.96,93668.12,93579.72,93588.49,46.41597
93588.5,93666.9,93571.42,93666.89,59.30479
93666.9,93666.9,93539.82,93607.48,39.48405
93607.48,93644.57,93607.47,93644.57,17.01486
93644.57,93655.02,93626.04,93650.32,17.65522
93650.33,93835.0,93636.95,93834.99,77.91924
93834.99,93873.41,93769.04,93770.78,28.22109
93770.79,93770.79,93698.77,93698.78,40.17331
93698.78,93726.56,93662.24,93687.56,38.13899
93687.57,93783.28,93674.28,93778.73,29.17343
93778.72,93866.55,93778.72,93816.42,60.9236
93816.42,93866.54,93705.5,93771.75,72.14607
93771.75,93789.33,93703.36,93739.14,45.43065
93739.13,93757.97,93695.65,93754.67,24.97284
93754.67,93976.42,93719.51,93891.55,114.83558
93891.55,93908.36,93663.51,93749.06,51.81227
93749.05,93763.99,93666.66,93690.09,22.43343
93690.09,93737.95,93668.26,93707.31,38.89938
93707.31,93721.13,93600.0,93607.49,86.38551
93607.5,93700.71,93607.49,93676.59,46.02888
93676.58,93746.75,93612.22,93612.22,35.97428
93612.23,93642.6,93581.39,93622.66,41.52596
93622.67,93670.89,93616.3,93634.02,36.71589
93634.02,93786.11,93634.02,93775.55,40.99754
93775.55,93867.13,93763.78,93802.13,46.46088
93802.13,94015.89,93798.66,94015.88,79.52415
94015.88,94117.64,93961.22,94008.66,117.05212
94008.66,94085.64,93978.0,94085.63,87.46591
94085.63,94200.0,94066.18,94190.0,123.88363
94190.0,94260.92,94180.0,94221.56,171.50692
94221.56,94221.56,94089.99,94153.09,102.88146
94153.1,94290.72,94153.09,94243.74,124.41199
94243.74,94366.52,94231.55,94343.7,154.93771
94343.71,94388.0,94325.52,94370.67,87.75779
94370.67,94660.0,94370.67,94635.67,501.26528
94635.67,94810.81,94543.01,94648.49,502.29277
94648.5,94683.23,94513.48,94578.0,130.06227
94577.99,94990.0,94577.99,94802.52,715.22968
94802.52,94958.57,94751.38,94753.63,145.10142
94753.64,94858.0,94672.0,94700.01,158.49459
94700.01,94731.99,94375.0,94467.21,199.628
94467.22,94620.01,94395.31,94587.79,92.32244
94587.8,94763.44,94587.79,94708.58,68.22775
94708.58,94828.83,94693.65,94766.59,81.03726
94766.58,94844.27,94627.65,94671.97,77.82787
94671.96,94675.45,94270.81,94406.21,259.83133
94406.2,94533.06,94398.05,94417.29,71.2685
94417.29,94571.43,94413.19,94478.27,82.23303
94478.26,94593.96,94286.3,94311.07,116.10484
94311.07,94400.0,94238.09,94314.83,128.77363
94314.84,94513.89,94302.24,94468.06,51.27156
94468.05,94469.6,94305.16,94326.45,38.44484
94326.44,94356.07,94189.0,94201.95,67.59882
94201.95,94366.8,93929.41,94292.98,165.61027
94292.98,94570.04,94271.13,94436.01,157.90568
94436.0,94544.26,94370.66,94455.08,72.03943
94455.08,94647.83,94455.08,94602.09,98.67404
94602.08,94688.88,94231.16,94380.01,187.10808
94380.01,94540.0,94361.23,94400.01,80.8655
94400.01,94660.0,94391.3,94539.04,340.11506
94538.24,94823.27,94530.03,94771.25,214.80751
94771.24,95332.0,94771.24,95299.51,1045.09768
95299.5,95299.51,95036.67,95190.44,500.27562
95190.44,95214.0,94571.9,94847.52,484.57847
94847.51,94847.52,94570.13,94680.8,286.84354
94680.8,94968.43,94554.04,94906.0,258.55042
94906.0,94948.07,94724.0,94895.51,255.0758
94895.51,95286.5,94857.45,95265.65,310.97003
95265.65,95555.0,95136.32,95440.0,691.37743
95440.0,95552.45,95256.0,95537.29,383.90575
95537.3,95758.04,95286.9,95368.0,544.0216
95368.0,95590.09,95280.32,95552.73,287.63658
95552.74,95683.31,95310.41,95313.96,197.15496
95313.97,95532.0,95254.9,95523.19,123.28729
95523.18,95523.18,95223.29,95347.62,136.4009
95347.62,95521.99,95300.0,95487.26,158.20302
95487.26,95541.45,95304.0,95304.03,103.93683
95304.03,95386.4,95200.0,95214.52,192.02525
95214.51,95248.18,94841.54,94856.79,228.6162
94856.79,94997.16,94804.82,94964.33,101.84182
94964.33,95086.96,94961.29,94998.01,116.13053
94998.01,95149.05,94964.82,95149.04,99.84614
95149.05,95149.05,95046.15,95061.22,63.8883
95061.21,95220.01,95020.23,95043.45,123.52166
95043.45,95043.45,94943.82,94999.26,80.64803
94999.26,94999.27,94910.11,94912.57,60.13714
94912.57,94918.01,94755.17,94802.69,86.90135
94802.69,94993.52,94726.86,94958.64,65.62705
94958.64,95100.32,94935.06,95100.31,69.40905
95100.31,95112.14,95029.99,95112.14,83.35307
95112.15,95269.56,95078.8,95256.33,45.07892
95256.33,95381.52,95256.33,95363.97,65.1153
95363.96,95366.3,95227.39,95304.34,51.75676
95304.34,95328.0,95217.39,95254.89,48.44945
95254.88,95290.64,95187.55,95223.81,47.35558
95223.82,95390.81,95201.02,95386.65,49.36016
95386.65,95483.46,95362.63,95381.14,108.93006
95381.13,95457.25,95324.0,95457.24,33.85858
95457.24,95550.0,95421.99,95531.46,86.71497
95533.15,95554.99,95436.82,95494.16,65.18614
95494.16,95544.08,95389.94,95417.7,101.84844
95417.7,95417.7,95218.02,95273.46,110.24315
95273.45,95273.46,94808.0,94820.76,149.08852
94820.77,95043.48,94757.6,94846.94,119.27291
94846.94,94846.95,94504.9,94571.98,179.2748
94571.98,94666.67,94450.33,94501.45,95.77752
94501.46,94569.95,94370.35,94527.79,113.99712
94527.79,94721.74,94527.79,94684.45,60.27835
94684.45,94738.44,94624.43,94727.41,73.27739
94727.42,94727.42,94622.51,94696.8,36.24353
94696.79,94817.09,94660.0,94811.04,58.87784
94811.04,94896.0,94755.39,94848.34,69.30992
94848.34,94874.5,94806.5,94857.84,38.03804
94857.85,94979.99,94836.0,94960.04,49.43107
94960.04,95100.89,94959.18,95100.88,63.98431
95100.88,95194.95,95001.91,95194.95,83.55684
95194.94,95228.28,95125.27,95169.99,77.44879
95169.99,95189.1,94956.52,95020.01,86.65333
95020.01,95028.5,94923.07,94970.15,44.02937
94970.16,95310.89,94970.16,95193.66,126.47962
95193.66,95205.9,95100.0,95190.48,43.06747
95190.47,95198.55,95013.24,95034.37,57.08166
95034.37,95118.37,94950.0,95021.3,59.98723
95021.29,95021.29,94879.05,94932.99,54.07985
94933.0,95068.0,94893.78,95059.6,33.53448
95059.59,95078.73,94973.12,95049.81,40.66857
95049.81,95173.92,95005.19,95173.92,56.54379
95173.92,95185.99,95074.06,95128.88,30.50746
95128.88,95130.44,94992.9,95036.65,41.2132
95036.65,95232.0,95036.65,95231.99,96.76255
95231.99,95318.26,95140.92,95291.0,114.14982
95291.0,95345.45,95197.8,95243.17,98.28244
95243.17,95314.5,95130.43,95167.53,50.70635
95167.52,95167.52,95043.47,95052.17,40.364
95052.17,95077.5,95003.21,95066.99,30.69512
95067.0,95098.36,94913.27,94973.3,82.17693
94973.3,95013.9,94942.85,94966.17,43.62094
94966.17,95024.0,94966.16,95002.6,20.951
95002.6,95012.9,94869.56,94904.8,46.36486
94904.77,94904.77,94777.0,94777.01,34.22933
94777.0,94882.23,94777.0,94877.27,42.02137
94877.27,94942.24,94855.72,94869.67,29.06015
94869.67,94943.99,94850.63,94869.57,19.28576
94869.57,94930.64,94809.73,94930.63,18.32677
94930.64,95018.43,94930.63,95018.43,28.33677
95018.42,95034.36,94930.63,94935.91,26.40974
94935.91,94942.25,94800.0,94846.27,36.17559
94846.27,94846.28,94700.0,94700.01,33.92058
94700.0,94703.49,94672.66,94703.49,16.95418
94703.49,94826.09,94680.88,94810.12,29.99322
94810.13,94844.24,94667.25,94670.55,21.83248
94670.56,94750.0,94670.56,94715.03,25.43587
94715.03,94805.85,94620.0,94620.0,41.09135
94620.0,94634.24,94509.98,94634.24,83.81566
94634.23,94634.24,94441.61,94608.69,64.37928
94608.69,94711.22,94587.21,94684.24,46.2727
94684.24,94749.4,94680.37,94741.91,26.51248
94741.9,94803.11,94741.9,94803.11,35.82324
94803.11,94803.11,94721.85,94794.45,22.66427
94794.45,94809.53,94781.52,94808.81,15.61152
94808.8,94894.34,94808.8,94835.33,16.41588
94835.33,94869.57,94835.33,94869.56,11.80377
94869.56,94968.94,94869.56,94940.0,26.11892
94940.0,94955.26,94931.66,94945.0,5.30477
94945.0,94956.53,94886.4,94937.69,19.7021
94937.69,94937.7,94861.03,94861.03,11.86115
94861.03,94877.98,94850.0,94850.0,11.91973
94850.01,94875.99,94801.79,94822.35,15.5038
94822.36,94956.53,94773.79,94956.52,39.84447
94956.53,94973.4,94847.74,94847.74,45.26228
94847.74,94847.75,94722.55,94778.51,41.52197
94778.5,94778.51,94684.98,94684.98,26.44205
94684.99,94739.14,94639.94,94734.44,61.76335
94734.45,94734.45,94629.0,94632.18,32.77496
94632.18,94712.54,94632.18,94653.3,21.67318
94653.3,94771.54,94640.72,94759.63,38.04459
94759.64,94759.64,94696.78,94729.66,12.7711
94729.66,94729.67,94695.65,94718.41,8.50689
94718.41,94718.42,94609.25,94638.68,79.00917
94638.68,94792.31,94627.15,94770.0,54.58949
94769.99,94800.0,94753.53,94767.23,78.33123
94767.22,94800.0,94700.01,94795.91,23.01833
94795.91,94798.21,94701.75,94798.2,56.9557
94798.2,94800.0,94642.57,94800.0,64.18035
94800.0,94810.0,94705.99,94706.0,135.07332
94705.99,94728.77,94608.9,94609.45,223.37461
94609.45,94685.2,94609.44,94620.08,138.31812
94620.09,94664.5,94539.5,94542.0,175.31438
94541.8,94904.77,94527.84,94840.0,215.04326
94839.99,94928.57,94796.78,94928.57,97.65293
94928.57,94935.97,94865.74,94880.69,135.36894
94880.68,94901.6,94809.88,94814.55,25.45859
94814.56,94956.54,94751.12,94948.94,64.57191
94948.94,94948.94,94874.43,94882.6,28.3408
94882.59,94996.06,94838.85,94995.67,49.97045
94995.68,95086.96,94995.67,95060.72,73.07626
95060.72,95062.91,95004.0,95004.01,15.05932
95004.01,95169.45,95004.0,95160.0,55.95193
95160.0,95199.0,95086.95,95086.96,91.36944
95086.96,95107.77,95033.24,95043.46,28.83761
95043.45,95043.46,95006.01,95007.45,31.18756
95007.46,95119.1,95007.45,95023.04,23.56708
95023.05,95041.17,94990.8,95013.14,19.96603
95013.15,95013.15,94869.56,94880.73,40.24989
94880.73,94913.05,94856.84,94883.47,34.0295
94883.47,94883.48,94770.74,94772.64,42.64036
94772.63,94800.0,94699.11,94764.06,49.75059
94764.05,94858.88,94764.05,94850.09,48.9265
94850.09,94900.6,94850.08,94881.31,48.11952
94881.31,94904.77,94839.85,94904.76,11.3823
94904.76,94992.36,94904.76,94979.5,29.98192
94979.5,95157.73,94979.5,95086.95,48.26098
95086.96,95086.96,95000.0,95000.0,17.71047
95000.0,95056.74,94953.28,95043.47,21.87811
95043.47,95082.4,95000.0,95000.0,33.2437
95000.0,95059.67,94956.52,94956.52,20.32419
94956.53,94991.27,94913.04,94976.05,18.19919
94976.05,95028.01,94976.05,94996.6,20.44265
94996.59,94996.6,94818.5,94851.66,23.42916
94851.66,94888.24,94776.26,94850.19,28.60605
94850.19,94850.19,94758.43,94793.34,19.72881
94793.34,94793.35,94746.14,94757.16,13.57919
94757.16,94760.19,94739.14,94739.14,7.40908
94739.15,94761.9,94739.13,94739.15,13.41153
94739.14,94798.43,94739.14,94756.34,21.04158
94756.34,94756.34,94739.13,94739.14,6.51745
94739.13,94748.6,94710.0,94739.99,19.26152
94739.99,94739.99,94700.0,94720.28,16.95203
94720.29,94830.93,94720.29,94830.93,17.27478
94830.93,94830.93,94714.29,94730.32,49.88303
94730.32,94739.13,94656.86,94679.14,67.02971
94679.14,94679.14,94628.86,94628.86,36.72503
94628.8,94649.82,94613.91,94625.54,82.70091
94625.54,94625.54,94588.23,94588.23,29.95282
94588.23,94588.24,94545.24,94552.5,46.60614
94552.49,94683.83,94552.49,94682.38,27.45406
94682.39,94700.0,94633.0,94639.04,41.42057
94639.04,94639.04,94566.24,94581.91,9.47587
94581.91,94581.92,94533.92,94536.99,72.45937
94537.0,94650.47,94516.0,94597.61,21.21903
94597.61,94597.62,94520.0,94526.63,34.02161
94526.63,94540.66,94505.07,94505.08,25.81741
94505.08,94587.99,94505.08,94554.97,24.87159
94554.98,94559.34,94508.94,94508.95,10.48679
94508.94,94573.25,94380.72,94550.35,84.88639
94550.34,94626.0,94550.34,94611.84,25.78224
94611.84,94688.88,94554.89,94554.9,27.0908
94554.9,94632.16,94552.0,94632.15,32.19312
94632.16,94706.6,94599.63,94681.85,19.90616
94681.85,94695.66,94652.17,94681.13,11.11942
94681.12,94681.13,94626.47,94626.47,7.72934
94626.47,94668.05,94618.34,94618.34,28.24697
94618.35,94618.35,94583.91,94583.92,20.08008
94583.91,94699.0,94583.91,94698.99,24.7392
94699.0,94699.0,94602.34,94602.34,17.44508
94602.35,94632.91,94602.34,94603.5,14.94934
94603.5,94619.7,94603.49,94608.71,14.65857
94608.71,94618.18,94608.71,94618.18,11.45384
94618.17,94692.0,94611.62,94663.59,27.56532
94663.59,94663.59,94628.17,94635.32,17.33085
94635.32,94714.29,94630.55,94708.29,41.44131
94708.28,94743.88,94690.79,94690.79,45.08736
94690.8,94690.8,94630.41,94630.42,20.10045
94630.42,94695.26,94630.41,94674.73,19.64373
94674.73,94674.73,94633.0,94642.26,18.09041
94642.26,94735.39,94642.25,94735.39,46.77537
94735.39,94756.5,94726.99,94730.96,18.54713
94730.96,94730.96,94678.14,94715.01,20.7547
94715.01,94719.53,94685.33,94702.06,22.58925
94702.06,94702.06,94650.0,94686.48,14.24491
94686.48,94794.17,94686.48,94769.46,23.93623
94769.46,94774.21,94769.46,94774.2,8.74214
94774.2,94774.21,94656.77,94671.57,45.05571
94671.56,94712.31,94655.0,94655.0,23.20562
94655.01,94657.53,94570.31,94570.31,42.3164
94570.31,94627.36,94569.76,94571.09,26.42409
94571.08,94582.31,94500.65,94520.01,41.54973
94520.0,94596.0,94408.81,94596.0,38.66259
94596.0,94646.59,94569.18,94569.18,15.16379
94569.18,94577.08,94531.31,94572.32,10.12225
94572.33,94733.54,94572.32,94660.0,67.45263
94660.0,94687.31,94541.25,94541.26,38.00971
94541.25,94600.0,94521.73,94542.85,27.0041
94542.86,94542.86,94350.0,94387.25,76.39722
94387.25,94391.31,94268.2,94322.89,98.46393
94322.89,94350.73,94282.8,94282.8,35.44344
94282.81,94366.0,94282.8,94318.04,31.88288
94318.03,94325.47,94217.32,94241.16,69.11754
94241.15,94359.24,94224.45,94339.43,37.87228
94339.44,94357.49,94287.49,94355.96,43.37527
94355.96,94391.31,94304.34,94336.0,16.86332
94336.0,94423.77,94330.0,94366.61,47.12229
94366.61,94366.62,94244.99,94253.35,23.51922
94253.35,94253.36,94158.0,94158.66,69.42662
94158.66,94255.0,94120.5,94186.75,106.57083
94186.74,94186.75,94134.27,94173.91,39.79098
94173.91,94177.11,94125.34,94177.11,51.25721
94177.1,94254.52,94171.73,94245.0,20.79782
94245.0,94277.86,94244.99,94277.65,10.48439
94277.65,94323.31,94151.07,94323.3,38.17499
94323.31,94358.54,94323.3,94351.52,39.93426
94351.51,94351.52,94260.86,94260.86,18.64452
94260.86,94278.94,94217.39,94217.39,10.18548
94217.39,94316.43,94217.39,94316.41,23.45923
94316.41,94368.23,94277.1,94285.06,20.78299
94285.06,94328.04,94235.49,94260.87,18.18907
94260.87,94350.11,94260.86,94350.11,13.5079
94350.11,94380.96,94350.1,94380.95,29.08995
94380.95,94394.44,94322.29,94322.3,15.55655
94322.3,94339.04,94272.08,94328.53,21.69451
94328.53,94328.54,94209.03,94209.03,20.89526
94209.03,94244.01,94160.21,94238.87,29.22095
94238.87,94238.88,94175.79,94175.79,15.71815
94175.8,94188.49,94165.62,94165.96,14.60337
94165.96,94250.67,94162.52,94175.33,33.282
94175.33,94182.82,94134.86,94135.32,22.66701
94135.31,94159.73,94135.31,94142.85,16.93395
94142.85,94204.34,94086.95,94204.33,63.45007
94204.33,94238.1,94088.0,94088.01,23.14149
94088.0,94088.01,94022.0,94059.62,50.5478
94059.62,94157.52,94048.54,94050.8,32.19167
94050.79,94080.0,93990.6,94079.99,94.14316
94080.0,94180.0,94079.99,94144.06,38.69935
94144.07,94215.01,94144.06,94162.0,21.87672
94162.01,94217.4,94113.23,94203.17,25.71348
94203.16,94287.05,94159.57,94224.03,74.0588
94224.04,94290.42,94224.03,94231.94,24.06806
94231.93,94300.0,94181.5,94293.26,35.63379
94293.26,94320.0,94231.63,94300.51,24.76007
94300.51,94300.51,94231.57,94231.57,46.30588
94231.58,94231.58,94194.4,94205.78,20.09257
94205.79,94260.86,94205.78,94237.01,15.69919
94237.02,94271.58,94150.0,94159.26,18.00879
94159.25,94238.1,94123.6,94220.71,27.88311
94220.72,94273.98,94220.71,94245.9,13.08644
94245.91,94300.0,94184.49,94280.85,23.25046
94280.85,94300.95,94261.89,94261.89,12.4874
94261.9,94261.9,94200.62,94238.94,11.85279
94238.94,94238.94,94173.91,94204.5,18.28694
94204.5,94204.5,94114.18,94150.58,23.00608
94150.57,94150.58,94066.26,94066.26,16.8411
94066.26,94066.27,94010.0,94031.0,24.43453
94031.01,94160.0,94001.0,94152.62,56.37689
94152.63,94152.63,93970.4,93989.69,43.56185
93989.68,94105.61,93870.69,94051.43,222.24259
94051.44,94064.26,93920.21,93974.75,40.97968
93974.75,94149.2,93922.89,94149.2,58.06838
94149.19,94211.73,93947.59,93947.59,65.43797
93947.6,94032.15,93920.0,93992.49,29.31603
93992.49,94038.87,93941.27,94029.76,23.25317
94029.76,94029.76,93936.88,93962.91,16.55663
93962.92,94080.0,93922.27,94079.99,27.34075
94079.99,94127.31,94058.43,94111.0,35.37913
94111.0,94139.0,94061.04,94124.57,23.21292
94124.57,94180.0,94076.75,94180.0,26.27242
94179.99,94246.85,94164.46,94204.58,35.84029
94204.57,94270.31,94185.87,94265.99,11.53287
94204.57,94270.31,94185.87,94265.98,11.56009
